name,topic,title
01-07-2026-4,Style,How Disney's Hotels Fake Luxury at Ridiculous Prices
01-07-2026-8,Style,Summer Style Tips For Men (That Low-Key Change Everything)
01-07-2026-9,Style,THE POLO SHIRT GUIDE FOR MEN OVER 40 — How to Wear It Right
02-07-2026-5,Style,30 Little Luxuries That Are Actually Worth Your Money
02-07-2026-6,Style,15 Unbeatable Backpack EDC Essentials
02-07-2026-7,Style,Why You Need to Change the Way You Wear Fragrance
02-07-2026-8,Style,7 Clothing Habits That Secretly Make Men Over 60 Look Older
02-07-2026-9,Style,5 Chino Brands That Make Older Men Look Sharp (Without Trying Too Hard)
02-07-2026-10,Style,Stop Making These Chinos Mistakes (Men 50+)
03-07-2026-4,Style,19 Things Men Should Never Wear - Men's Fashion & Menswear Style Mistakes & What Not To Wear
03-07-2026-5,Style,6 Affordable Luxuries Every Modern Gentleman Should Own
03-07-2026-6,Style,8 Premium EDC Items Every Modern Gent Needs 2025
03-07-2026-7,Style,Fountain Pen Mistakes All Beginners Make & How To Avoid Them - Gentleman's Gazette
03-07-2026-8,Style,"HOW TO TIE A BOW TIE Step-By-Step The Easy Way, Slow, For Beginners - WORKS GUARANTEED"
03-07-2026-9,Style,"Rings & Their Meaning, Symbolism For Men - What Finger(s) To Wear A Ring On"
03-07-2026-11,Style,Why Every Gentleman Should Wear a Signet Ring
04-07-2026-1,Style,5 Simple Ways to Live a Luxury Life
04-07-2026-2,Style,6 Timeless EDC Essentials Gentleman Should Carry
04-07-2026-3,Style,9 Easy Style Upgrades That Make Older Men Look Wealthy
04-07-2026-5,Style,The Art Of The Perfect Summer
04-07-2026-6,Style,Top Casual Clothing Items Men Wear That Women LOVE (And WHY!)
06-07-2026-3,Style,The Only Summer Fragrances Men Actually Need (Hot Weather Colognes For Men)
06-07-2026-4,Style,Why Most Men Over 60 Buy the Wrong Shoes
06-07-2026-5,Style,8 Outfit Combinations That Never Fail on Men Over 50
06-07-2026-7,Style,There's A Reason Wimbledon Doesn't Look Like This Anymore
09-07-2026-2,Style,10 Things Every Man Deserves To Buy At Least Once
09-07-2026-3,Style,5 Fashion Rules Stylish Men Over 60 Never Break
09-07-2026-4,Style,8 Iconic Things Winston Churchill Carried Every Day | Gentleman's EDC
10-07-2026-3,Style,11 Versatile BEAST MODE Fragrances For Men
10-07-2026-4,Style,The Biggest Polo Shirt Mistake Men Over 50 Keep Making
12-07-2026-1,Style,Hot Weather Outfits That Actually Look Good
12-07-2026-4,Style,Why Your Clothes Still Look Cheap (Even If They Aren't)
12-07-2026-5,Style,15 Pieces To Upgrade Your 2026 Summer Wardrobe
15-07-2026-2,Style,Stop Buying Trendy Clothes — Buy These Instead
15-07-2026-4,Style,How to Wear Neutral Colors Without Looking Boring After 60
17-07-2026-2,Style,The Perfect Summer Shoe 99% of Men Don’t Wear
17-07-2026-3,Style,The Shirt Every Older Man Should Stop Wearing
19-07-2026-1,Style,5 Everyday Style Habits That Separate Sharp Men From Everyone Else
19-07-2026-2,Style,How To Look ELEGANT and Stay COOL All Summer (Hot Weather Cheat Code)
19-07-2026-3,Style,10 Famous Clothing Logos With HIDDEN Meaning | RMRS Style Videos
19-07-2026-7,Style,20 Things Men Should NEVER Wear | Outdated Trends To Avoid In 2026
19-07-2026-9,Style,4 Ways To Tuck-In A Shirt - How To Properly Tuck In Your Dress Shirts
19-07-2026-10,Style,5 Dress Shoes Every Man Must Have - What Leather Men's Shoes To Buy - Which Ones To Purchase First
19-07-2026-11,Style,5 Secrets To Look 10 Years Younger | Anti-Aging Tips | Slow Down Aging Process
19-07-2026-12,Style,5 Watches for an Old Money Aesthetic | Timeless Men's Style
19-07-2026-14,Style,7 Grooming Mistakes Men Make - Man's Guide To Better Facial Hair Care - Facial Hair Tips For Man
19-07-2026-18,Style,9 Biggest Shaving Mistakes & How to Avoid Them - Advice on Razors & Techniques for Men
19-07-2026-28,Style,How to Shave with a Safety Razor - Double-Edged Razor Shaving
19-07-2026-29,Style,How to Tie an Ascot & Cravat 3 Ways + DO's & DON'Ts
19-07-2026-32,Style,Iron vs. Steamer: Which is Best for Your Menswear Wardrobe?
19-07-2026-33,Style,"Is It Worth It? Montblanc Meisterstück 149 146 144 Fountain Pens, Ballpoint & Mont Blanc Rollerballs"
19-07-2026-41,Style,Top 21 Most Popular Men's Fragrances Ranked (Best And Worst)
19-07-2026-42,Style,"Ultimate Buying Guide To Levis Jeans (501, 502, 511, 541, 510)"
19-07-2026-43,Style,Why Every Man Needs a Chelsea Boot (And How To Style It)
23-07-2026-1,Style,9 Things a Gentlemen NEVER Wears
23-07-2026-2,Style,What Your Clothing Colors Say About You
24-07-2026-3,Style,Purging 99% Of My 1000+ Fragrance Collection (Only 15 Survivors!)
24-07-2026-4,Style,The Color Combination That Makes Every Man Look More Refined
26-07-2026-2,Style,The Polo Playbook: How Stylish Men Wear Polos
27-07-2026-1,Style,5 Signs Your Wardrobe Is Aging You (And How to Fix It)
28-07-2026-4,Style,Why Stylish Men Over 60 Never Ignore Fit
30-07-2026-2,Style,Don't Make These Belt Mistakes After 60